{
  "action": {
    "ns3_gnb_tx_dbm": 29.659709930419922,
    "ns3_ue_tx_dbm": 20.778289794921875,
    "ns3_gnb_nf_db": 2.6493759155273438,
    "ns3_ue_nf_db": 8.359024047851562,
    "ns3_snapshot_s": 0.05000000074505806,
    "ns3_pkt_size_bytes": 64.0,
    "ns3_pkt_interval_ms": 58.1787223815918
  },
  "spec": [
    [
      "ns3_gnb_tx_dbm",
      20.0,
      49.0,
      46.0
    ],
    [
      "ns3_ue_tx_dbm",
      10.0,
      26.0,
      23.0
    ],
    [
      "ns3_gnb_nf_db",
      2.0,
      9.0,
      5.0
    ],
    [
      "ns3_ue_nf_db",
      3.0,
      10.0,
      7.0
    ],
    [
      "ns3_snapshot_s",
      0.05,
      1.0,
      0.2
    ],
    [
      "ns3_pkt_size_bytes",
      64.0,
      1500.0,
      1400.0
    ],
    [
      "ns3_pkt_interval_ms",
      5.0,
      100.0,
      10.0
    ]
  ]
}