{
  "action": {
    "ns3_gnb_tx_dbm": 37.200958251953125,
    "ns3_ue_tx_dbm": 18.459850311279297,
    "ns3_gnb_nf_db": 2.7789812088012695,
    "ns3_ue_nf_db": 8.495006561279297,
    "ns3_snapshot_s": 0.784613311290741,
    "ns3_pkt_size_bytes": 893.320556640625,
    "ns3_pkt_interval_ms": 22.204055786132812
  },
  "spec": [
    [
      "ns3_gnb_tx_dbm",
      20.0,
      49.0,
      46.0
    ],
    [
      "ns3_ue_tx_dbm",
      10.0,
      26.0,
      23.0
    ],
    [
      "ns3_gnb_nf_db",
      2.0,
      9.0,
      5.0
    ],
    [
      "ns3_ue_nf_db",
      3.0,
      10.0,
      7.0
    ],
    [
      "ns3_snapshot_s",
      0.05,
      1.0,
      0.2
    ],
    [
      "ns3_pkt_size_bytes",
      64.0,
      1500.0,
      1400.0
    ],
    [
      "ns3_pkt_interval_ms",
      5.0,
      100.0,
      10.0
    ]
  ]
}