{
  "action": {
    "ns3_gnb_tx_dbm": 41.87867736816406,
    "ns3_ue_tx_dbm": 16.64202117919922,
    "ns3_gnb_nf_db": 4.710866928100586,
    "ns3_ue_nf_db": 6.532181739807129,
    "ns3_snapshot_s": 0.4348183274269104,
    "ns3_pkt_size_bytes": 649.8179931640625,
    "ns3_pkt_interval_ms": 58.824867248535156
  },
  "spec": [
    [
      "ns3_gnb_tx_dbm",
      20.0,
      49.0,
      46.0
    ],
    [
      "ns3_ue_tx_dbm",
      10.0,
      26.0,
      23.0
    ],
    [
      "ns3_gnb_nf_db",
      2.0,
      9.0,
      5.0
    ],
    [
      "ns3_ue_nf_db",
      3.0,
      10.0,
      7.0
    ],
    [
      "ns3_snapshot_s",
      0.05,
      1.0,
      0.2
    ],
    [
      "ns3_pkt_size_bytes",
      64.0,
      1500.0,
      1400.0
    ],
    [
      "ns3_pkt_interval_ms",
      5.0,
      100.0,
      10.0
    ]
  ]
}