{
  "sinr_dl_db": {
    "n": 1056,
    "mean": 14.240267424242424,
    "median": 13.40925,
    "p90": 25.492799999999995,
    "max": 29.486600000000003
  },
  "sinr_ul_db": {
    "n": 1056,
    "mean": 11.178480354166666,
    "median": 9.14425,
    "p90": 20.31884,
    "max": 25.3034
  },
  "throughput_mbps": {
    "n": 1052,
    "mean": 19.072540874524716,
    "median": 12.5355,
    "p90": 38.597,
    "max": 39.931
  },
  "delay_ms": {
    "n": 1052,
    "mean": 8.505270912547529,
    "median": 8.497,
    "p90": 10.075000000000001,
    "max": 12.827
  },
  "bler_pct": {
    "n": 1052,
    "mean": 1.816583650190114,
    "median": 1.0165,
    "p90": 4.753,
    "max": 7.651
  }
}