{
  "action": {
    "ns3_gnb_tx_dbm": 49.0,
    "ns3_ue_tx_dbm": 26.0,
    "ns3_gnb_nf_db": 4.439723014831543,
    "ns3_ue_nf_db": 3.0,
    "ns3_snapshot_s": 0.05000000074505806,
    "ns3_pkt_size_bytes": 1064.025634765625,
    "ns3_pkt_interval_ms": 84.87687683105469
  },
  "spec": [
    [
      "ns3_gnb_tx_dbm",
      20.0,
      49.0,
      46.0
    ],
    [
      "ns3_ue_tx_dbm",
      10.0,
      26.0,
      23.0
    ],
    [
      "ns3_gnb_nf_db",
      2.0,
      9.0,
      5.0
    ],
    [
      "ns3_ue_nf_db",
      3.0,
      10.0,
      7.0
    ],
    [
      "ns3_snapshot_s",
      0.05,
      1.0,
      0.2
    ],
    [
      "ns3_pkt_size_bytes",
      64.0,
      1500.0,
      1400.0
    ],
    [
      "ns3_pkt_interval_ms",
      5.0,
      100.0,
      10.0
    ]
  ]
}